index,key,value,group
1,Series 1,1.0425987837978916,Group 1
2,Series 1,1.007252765894731,Group 1
3,Series 1,-1.628092039886589,Group 1
4,Series 1,-1.1659188743352285,Group 1
5,Series 1,-0.7333736952173597,Group 1
6,Series 1,-0.30729914239362455,Group 1
7,Series 1,0.08984006562390467,Group 1
8,Series 1,-1.3221629147982772,Group 1
9,Series 1,0.06990215202546159,Group 1
10,Series 1,2.0579720967920205,Group 1
11,Series 1,-0.3433749986271747,Group 1
12,Series 1,1.4378518615913498,Group 1
13,Series 1,1.2855555758698343,Group 1
14,Series 1,-0.01941510732831181,Group 1
15,Series 1,-0.10683826969694811,Group 1
16,Series 1,0.6322084960661118,Group 1
17,Series 1,-1.1689457734655204,Group 1
18,Series 1,0.7556094365270998,Group 1
19,Series 1,-1.4739828413462062,Group 1
20,Series 1,-0.6927238972211281,Group 1
21,Series 1,0.5041657528220693,Group 1
22,Series 1,1.1114270292687949,Group 1
23,Series 1,-0.6699059985358792,Group 1
24,Series 1,0.6496338818618153,Group 1
25,Series 1,1.4085319566319716,Group 1
26,Series 1,-0.3435252496657344,Group 1
27,Series 1,1.3769617201932791,Group 1
28,Series 1,0.16207332829872012,Group 1
29,Series 1,-0.6951135056991655,Group 1
30,Series 1,-2.696689894635653,Group 1
31,Series 1,1.2473436476978503,Group 1
32,Series 1,-0.5279841403830332,Group 1
33,Series 1,-1.3274282397968151,Group 1
34,Series 1,1.306143656427081,Group 1
35,Series 1,0.1208349149657193,Group 1
36,Series 1,-0.9434660343325144,Group 1
37,Series 1,-1.160473240393981,Group 1
38,Series 1,0.6787460405320224,Group 1
39,Series 1,1.175208498730273,Group 1
40,Series 1,0.4685285946633633,Group 1
41,Series 1,-0.11152129307776582,Group 1
42,Series 1,-0.4025781828437688,Group 1
43,Series 1,-1.7548609209654626,Group 1
44,Series 1,-0.9439798369685471,Group 1
45,Series 1,-0.8133176738702188,Group 1
46,Series 1,0.12514592275694597,Group 1
47,Series 1,0.6607007212911333,Group 1
48,Series 1,-0.7104716938263415,Group 1
49,Series 1,-0.3819344162409063,Group 1
50,Series 1,0.8149854262876542,Group 1
51,Series 1,1.1942421062762192,Group 1
52,Series 1,-1.2732524213860223,Group 1
53,Series 1,0.027692407027478994,Group 1
54,Series 1,-1.1676188992346672,Group 1
55,Series 1,-0.5351947722449631,Group 1
56,Series 1,-0.8754624900219173,Group 1
57,Series 1,-0.8963341019613458,Group 1
58,Series 1,1.6235567050012458,Group 1
59,Series 1,-0.5500038546239291,Group 1
60,Series 1,2.3258454663917667,Group 1
61,Series 1,1.46549358251725,Group 1
62,Series 1,0.40960736871969117,Group 1
63,Series 1,-0.9051065224307262,Group 1
64,Series 1,0.1323441038644344,Group 1
65,Series 1,-1.7343896806457093,Group 1
66,Series 1,-2.2420145448081747,Group 1
67,Series 1,-0.2601994215209027,Group 1
68,Series 1,-0.29089206924853983,Group 1
69,Series 1,2.6547738201050826,Group 1
70,Series 1,0.45311495390208767,Group 1
71,Series 1,0.4081635521741119,Group 1
72,Series 1,0.911131174833841,Group 1
73,Series 1,1.5817267582891714,Group 1
74,Series 1,1.4787301446043615,Group 1
75,Series 1,-1.042752565899215,Group 1
76,Series 1,-1.1308517422254385,Group 1
77,Series 1,-0.13668463224965988,Group 1
78,Series 1,-2.582728099165699,Group 1
79,Series 1,-1.5223851948498344,Group 1
80,Series 1,-0.8704553181986749,Group 1
81,Series 1,-1.7055475841001846,Group 1
82,Series 1,1.4349658119700808,Group 1
83,Series 1,0.7104748348084231,Group 1
84,Series 1,0.681591231584544,Group 1
85,Series 1,0.9461770595383738,Group 1
86,Series 1,0.24001156713394484,Group 1
87,Series 1,-0.29045223406799625,Group 1
88,Series 1,0.25672809148836095,Group 1
89,Series 1,-2.175349067780259,Group 1
90,Series 1,-1.6209815720647123,Group 1
91,Series 1,-0.7889141805088481,Group 1
92,Series 1,-1.9123973977979385,Group 1
93,Series 1,-1.0326564143683283,Group 1
94,Series 1,1.2931993217645177,Group 1
95,Series 1,0.2979051341994339,Group 1
96,Series 1,-0.43016642250920056,Group 1
97,Series 1,-0.551256045843745,Group 1
98,Series 1,-0.27861269415645445,Group 1
99,Series 1,0.6546118205867175,Group 1
100,Series 1,-2.1714630860419706,Group 1
101,Series 1,-0.44248543558450687,Group 1
102,Series 1,1.3350694116830786,Group 1
103,Series 1,-0.2938995358542471,Group 1
104,Series 1,0.14186032337535026,Group 1
105,Series 1,-1.0877225493733056,Group 1
106,Series 1,0.7252086581965536,Group 1
107,Series 1,-0.08374715987934711,Group 1
108,Series 1,0.4480901932647612,Group 1
109,Series 1,-1.1842084509028825,Group 1
110,Series 1,1.9021104208579942,Group 1
111,Series 1,1.259961013129407,Group 1
112,Series 1,-1.5396676304661425,Group 1
113,Series 1,-1.5692015854911985,Group 1
114,Series 1,-1.970125221702885,Group 1
115,Series 1,-0.9079857326735601,Group 1
116,Series 1,-1.5689733938882713,Group 1
117,Series 1,1.248759499471114,Group 1
118,Series 1,0.06496219697422767,Group 1
119,Series 1,0.2032660380703354,Group 1
120,Series 1,1.8986882348680811,Group 1
1,Series 2,2.0909554374396104,Group 1
2,Series 2,1.3045513830046072,Group 1
3,Series 2,0.1364472315533351,Group 1
4,Series 2,-1.7317082057506328,Group 1
5,Series 2,-1.3089496701638847,Group 1
6,Series 2,-1.9571448362685815,Group 1
7,Series 2,-0.02946575536317053,Group 1
8,Series 2,-0.20210944953386342,Group 1
9,Series 2,-1.036144770045267,Group 1
10,Series 2,-0.6173828118141569,Group 1
11,Series 2,1.2357436485384632,Group 1
12,Series 2,-0.48991625311390097,Group 1
13,Series 2,1.8369132577512848,Group 1
14,Series 2,0.3027716559398349,Group 1
15,Series 2,-0.2162092853656891,Group 1
16,Series 2,1.7053420535596029,Group 1
17,Series 2,-1.4663985579459817,Group 1
18,Series 2,-0.6114281061739953,Group 1
19,Series 2,-0.38042052432879453,Group 1
20,Series 2,0.37301349197334593,Group 1
21,Series 2,-1.9174651181554383,Group 1
22,Series 2,-0.378959112980928,Group 1
23,Series 2,0.753869945949212,Group 1
24,Series 2,-0.20104743632840272,Group 1
25,Series 2,1.8171871551513719,Group 1
26,Series 2,1.1095778988849376,Group 1
27,Series 2,-0.8502176393557803,Group 1
28,Series 2,-0.24624578919735618,Group 1
29,Series 2,-0.9303387139511216,Group 1
30,Series 2,-0.9867756768889665,Group 1
31,Series 2,-1.162743489170626,Group 1
32,Series 2,-0.7521927759662821,Group 1
33,Series 2,1.1190810036529615,Group 1
34,Series 2,0.4325047632663206,Group 1
35,Series 2,1.3332517696800277,Group 1
36,Series 2,1.7253717347972222,Group 1
37,Series 2,0.5252525975019571,Group 1
38,Series 2,0.9819354235666619,Group 1
39,Series 2,-2.056507206883346,Group 1
40,Series 2,-1.9454401086438677,Group 1
41,Series 2,-1.8088766411993182,Group 1
42,Series 2,-1.6572065090832278,Group 1
43,Series 2,-0.570984699074154,Group 1
44,Series 2,-1.054571623211321,Group 1
45,Series 2,1.6829736808439806,Group 1
46,Series 2,0.3630089241264576,Group 1
47,Series 2,1.992800815137869,Group 1
48,Series 2,2.828624372562433,Group 1
49,Series 2,0.13611564281686928,Group 1
50,Series 2,0.13990706129529817,Group 1
51,Series 2,-0.47633736454637343,Group 1
52,Series 2,0.5014305747199994,Group 1
53,Series 2,-1.7541851449858428,Group 1
54,Series 2,-1.8062413097414374,Group 1
55,Series 2,0.18977838758114052,Group 1
56,Series 2,-0.9344889114370694,Group 1
57,Series 2,1.3999771218425827,Group 1
58,Series 2,0.891084325868754,Group 1
59,Series 2,1.1933249387658769,Group 1
60,Series 2,1.6575993119016037,Group 1
61,Series 2,-0.45786079810597846,Group 1
62,Series 2,-1.562087722859668,Group 1
63,Series 2,0.8144548569242751,Group 1
64,Series 2,0.23001946729406897,Group 1
65,Series 2,-1.41103206198108,Group 1
66,Series 2,-0.7393187074471146,Group 1
67,Series 2,-1.5215468753365746,Group 1
68,Series 2,-0.9733993962083574,Group 1
69,Series 2,0.5137723697124897,Group 1
70,Series 2,0.2782440432362756,Group 1
71,Series 2,0.5178244193510726,Group 1
72,Series 2,0.13695115822263138,Group 1
73,Series 2,0.7684933035876593,Group 1
74,Series 2,1.537093413559135,Group 1
75,Series 2,-1.010094987550238,Group 1
76,Series 2,-2.0261732280694664,Group 1
77,Series 2,-2.449489054917956,Group 1
78,Series 2,-1.3443550723767927,Group 1
79,Series 2,-0.9579156220539365,Group 1
80,Series 2,0.964349384827514,Group 1
81,Series 2,0.5662862678060508,Group 1
82,Series 2,0.6700029432112546,Group 1
83,Series 2,0.9543866284827496,Group 1
84,Series 2,-0.43799835934563236,Group 1
85,Series 2,-0.038847253676055016,Group 1
86,Series 2,-0.013922823495925968,Group 1
87,Series 2,-1.0258922595188902,Group 1
88,Series 2,-0.8509156455432095,Group 1
89,Series 2,-0.542240737234287,Group 1
90,Series 2,0.5909481936799615,Group 1
91,Series 2,-0.9390691062130987,Group 1
92,Series 2,0.5300521307226759,Group 1
93,Series 2,2.4344841549476044,Group 1
94,Series 2,1.3556094999882944,Group 1
95,Series 2,0.6129528690944201,Group 1
96,Series 2,0.2916808995319139,Group 1
97,Series 2,0.25654793896143996,Group 1
98,Series 2,-1.4164318927775568,Group 1
99,Series 2,-1.7456108179953835,Group 1
100,Series 2,0.3669637511653717,Group 1
101,Series 2,-1.0113804198808456,Group 1
102,Series 2,0.5775340006381959,Group 1
103,Series 2,0.5121876235926361,Group 1
104,Series 2,0.0020059139535342496,Group 1
105,Series 2,2.341858307676568,Group 1
106,Series 2,0.20494800583011064,Group 1
107,Series 2,1.8438539480074807,Group 1
108,Series 2,1.7286062475534325,Group 1
109,Series 2,1.0404528971236207,Group 1
110,Series 2,0.32526535688749886,Group 1
111,Series 2,-0.6188814326310557,Group 1
112,Series 2,-0.6640363363739659,Group 1
113,Series 2,-1.4392949887444895,Group 1
114,Series 2,-2.8534807115165126,Group 1
115,Series 2,0.5375051047272434,Group 1
116,Series 2,-0.5612035873173804,Group 1
117,Series 2,2.1444157883177484,Group 1
118,Series 2,-0.9673662679388243,Group 1
119,Series 2,-0.41141822323593535,Group 1
120,Series 2,0.2801758340083127,Group 1
1,Series 3,0.42546904193311436,Group 1
2,Series 3,0.3787776153438178,Group 1
3,Series 3,1.7847829689843344,Group 1
4,Series 3,-0.7044458818977611,Group 1
5,Series 3,-0.39260340655634834,Group 1
6,Series 3,-2.0361899248212687,Group 1
7,Series 3,-1.4257220390629937,Group 1
8,Series 3,0.3552303058060305,Group 1
9,Series 3,-1.7560577196280078,Group 1
10,Series 3,-0.024064165875648746,Group 1
11,Series 3,0.07669788104257147,Group 1
12,Series 3,2.6623647680584104,Group 1
13,Series 3,1.4448783247277714,Group 1
14,Series 3,1.0004773163496976,Group 1
15,Series 3,0.3734269414614577,Group 1
16,Series 3,0.23686634256195727,Group 1
17,Series 3,-1.1507745113534784,Group 1
18,Series 3,-0.33872640104727414,Group 1
19,Series 3,0.616091878470003,Group 1
20,Series 3,0.2074332726662873,Group 1
21,Series 3,-0.3722477862357951,Group 1
22,Series 3,-0.35612657434711825,Group 1
23,Series 3,0.7201319979733882,Group 1
24,Series 3,1.322782466608316,Group 1
25,Series 3,2.0283816126111716,Group 1
26,Series 3,0.3803823695479847,Group 1
27,Series 3,-0.8180764540363277,Group 1
28,Series 3,-2.1076405122793833,Group 1
29,Series 3,-2.0348975482029044,Group 1
30,Series 3,-0.9885818536679782,Group 1
31,Series 3,-0.9628394468677248,Group 1
32,Series 3,-0.0715544382352154,Group 1
33,Series 3,0.22583592317321077,Group 1
34,Series 3,-1.1560407457945348,Group 1
35,Series 3,0.2141079642198893,Group 1
36,Series 3,1.2270938547553731,Group 1
37,Series 3,-0.8602877454094291,Group 1
38,Series 3,-1.7797747170356344,Group 1
39,Series 3,-0.7186789004976712,Group 1
40,Series 3,0.4616570861694971,Group 1
41,Series 3,-1.979741120700929,Group 1
42,Series 3,-0.05718530724874227,Group 1
43,Series 3,1.4501284925248399,Group 1
44,Series 3,1.4005211921022036,Group 1
45,Series 3,-0.5121833251974707,Group 1
46,Series 3,1.740834434538699,Group 1
47,Series 3,0.3924557431614759,Group 1
48,Series 3,0.7645286681547544,Group 1
49,Series 3,-0.9362082953082437,Group 1
50,Series 3,-0.7052315803459892,Group 1
51,Series 3,-1.4653459104178206,Group 1
52,Series 3,-0.5006290825005202,Group 1
53,Series 3,-0.026678725003026038,Group 1
54,Series 3,-2.511398083368839,Group 1
55,Series 3,-2.851053321340115,Group 1
56,Series 3,-0.4154180834910564,Group 1
57,Series 3,0.4960059411637344,Group 1
58,Series 3,1.0580300728045948,Group 1
59,Series 3,-1.26408384242937,Group 1
60,Series 3,2.131409877148625,Group 1
61,Series 3,1.064922736532624,Group 1
62,Series 3,-0.31604332655146655,Group 1
63,Series 3,-0.8893255429122152,Group 1
64,Series 3,0.6025807193111575,Group 1
65,Series 3,-2.276056509676413,Group 1
66,Series 3,-2.1607450556087793,Group 1
67,Series 3,-1.5942383666680904,Group 1
68,Series 3,0.44453303451692183,Group 1
69,Series 3,0.28582233834570703,Group 1
70,Series 3,-0.06062798177605466,Group 1
71,Series 3,0.4666888845783762,Group 1
72,Series 3,0.7353202621997263,Group 1
73,Series 3,-0.597972296304021,Group 1
74,Series 3,-0.4151881988705216,Group 1
75,Series 3,1.3429909446571733,Group 1
76,Series 3,-3.7885489675616304,Group 1
77,Series 3,-0.18441969879987696,Group 1
78,Series 3,-0.8570135169151147,Group 1
79,Series 3,-0.2131740064511644,Group 1
80,Series 3,0.39897615485020427,Group 1
81,Series 3,-0.005151684888733132,Group 1
82,Series 3,-1.2214820289143757,Group 1
83,Series 3,2.305835254713674,Group 1
84,Series 3,0.1843263257203731,Group 1
85,Series 3,0.658203002989293,Group 1
86,Series 3,-0.4137448505621832,Group 1
87,Series 3,-0.2181707166748055,Group 1
88,Series 3,-1.0197942087015235,Group 1
89,Series 3,0.8350412120730429,Group 1
90,Series 3,-1.9773488526366048,Group 1
91,Series 3,-2.2495630015491406,Group 1
92,Series 3,0.5267190883930671,Group 1
93,Series 3,-0.3422526367942598,Group 1
94,Series 3,0.5425080994042208,Group 1
95,Series 3,-0.35473251085835,Group 1
96,Series 3,-0.17462527791707594,Group 1
97,Series 3,-0.18832412888534056,Group 1
98,Series 3,0.7924307348957301,Group 1
99,Series 3,-1.085041293237874,Group 1
100,Series 3,-0.22153183516691932,Group 1
101,Series 3,-2.2693753327698194,Group 1
102,Series 3,-0.834914647316199,Group 1
103,Series 3,1.1903241503575033,Group 1
104,Series 3,0.2223866186457066,Group 1
105,Series 3,0.31852221186249047,Group 1
106,Series 3,1.6262236612059344,Group 1
107,Series 3,0.5225082838021748,Group 1
108,Series 3,0.3082522082351453,Group 1
109,Series 3,1.3866931632948656,Group 1
110,Series 3,1.9299747735962338,Group 1
111,Series 3,-1.9766896362482365,Group 1
112,Series 3,-1.094953314528508,Group 1
113,Series 3,-1.068586363488608,Group 1
114,Series 3,-1.6629518334828797,Group 1
115,Series 3,-0.17884981699698524,Group 1
116,Series 3,0.3471410860782872,Group 1
117,Series 3,1.2774292852013498,Group 1
118,Series 3,-0.05221008218121026,Group 1
119,Series 3,-0.600063161851888,Group 1
120,Series 3,0.09301714102102943,Group 1
1,Series 1,-0.12549299770885147,Group 2
2,Series 1,1.0122705960611469,Group 2
3,Series 1,0.39938748162047816,Group 2
4,Series 1,-0.11628940579326141,Group 2
5,Series 1,3.2917059252782,Group 2
6,Series 1,2.007882777402678,Group 2
7,Series 1,-0.21948395508425467,Group 2
8,Series 1,1.5884420392612664,Group 2
9,Series 1,-1.565238111042313,Group 2
10,Series 1,1.2656111891771098,Group 2
11,Series 1,-0.7317009323654812,Group 2
12,Series 1,-1.1410601751569942,Group 2
13,Series 1,-0.5553276064880991,Group 2
14,Series 1,0.1868656272223736,Group 2
15,Series 1,1.0053537599216704,Group 2
16,Series 1,1.2256974209451355,Group 2
17,Series 1,0.9897660570160478,Group 2
18,Series 1,1.8142355752917532,Group 2
19,Series 1,-0.6677255539775313,Group 2
20,Series 1,1.5259701365910547,Group 2
21,Series 1,1.0526888971577093,Group 2
22,Series 1,-0.1703620895254665,Group 2
23,Series 1,2.402410162605511,Group 2
24,Series 1,1.9958819996291792,Group 2
25,Series 1,2.368026090655201,Group 2
26,Series 1,-0.06930409034394058,Group 2
27,Series 1,0.7883757800157067,Group 2
28,Series 1,2.240708678071754,Group 2
29,Series 1,2.2140616027044233,Group 2
30,Series 1,1.505934936653465,Group 2
31,Series 1,1.9175734025869637,Group 2
32,Series 1,2.425958411973915,Group 2
33,Series 1,0.4497466278766947,Group 2
34,Series 1,1.9635036931856427,Group 2
35,Series 1,0.8457535312640295,Group 2
36,Series 1,0.6584169809515323,Group 2
37,Series 1,0.9573168763587047,Group 2
38,Series 1,1.119846718229283,Group 2
39,Series 1,1.7038387271003246,Group 2
40,Series 1,1.0644582129168874,Group 2
41,Series 1,0.44196880270421757,Group 2
42,Series 1,2.0944239672353935,Group 2
43,Series 1,3.942016777002157,Group 2
44,Series 1,2.120325289913128,Group 2
45,Series 1,2.600181947359231,Group 2
46,Series 1,2.6398527742918696,Group 2
47,Series 1,4.0699298026115756,Group 2
48,Series 1,3.0387533181434434,Group 2
49,Series 1,2.7432424152211023,Group 2
50,Series 1,2.9117837666246777,Group 2
51,Series 1,2.8072233966173883,Group 2
52,Series 1,3.083008653262229,Group 2
53,Series 1,3.1399497446438978,Group 2
54,Series 1,1.2178908698543223,Group 2
55,Series 1,2.414196547234817,Group 2
56,Series 1,0.473826746498617,Group 2
57,Series 1,1.2258077054971044,Group 2
58,Series 1,1.2668075916616863,Group 2
59,Series 1,1.4958349890277052,Group 2
60,Series 1,2.8731011439115184,Group 2
61,Series 1,1.8773470589291639,Group 2
62,Series 1,0.0959727092932472,Group 2
63,Series 1,2.283921580555955,Group 2
64,Series 1,1.7606217070945698,Group 2
65,Series 1,2.4362780180355172,Group 2
66,Series 1,3.114771343867418,Group 2
67,Series 1,2.39067966741913,Group 2
68,Series 1,4.674429523324538,Group 2
69,Series 1,3.463682645629852,Group 2
70,Series 1,5.281125914213157,Group 2
71,Series 1,4.592587129580271,Group 2
72,Series 1,3.9234077178574585,Group 2
73,Series 1,2.527393803532089,Group 2
74,Series 1,5.088160925787609,Group 2
75,Series 1,2.7963140551022088,Group 2
76,Series 1,2.6763532938399406,Group 2
77,Series 1,2.2443943602353764,Group 2
78,Series 1,2.6920872423550013,Group 2
79,Series 1,2.31717286555956,Group 2
80,Series 1,2.1910479305769717,Group 2
81,Series 1,2.9498800878578773,Group 2
82,Series 1,2.719872553215238,Group 2
83,Series 1,3.1967490516705195,Group 2
84,Series 1,2.2422954236911585,Group 2
85,Series 1,3.8381355613665544,Group 2
86,Series 1,2.8354884343328104,Group 2
87,Series 1,2.3071274263152977,Group 2
88,Series 1,2.7555035381955344,Group 2
89,Series 1,4.973486770471922,Group 2
90,Series 1,2.8618985689486434,Group 2
91,Series 1,4.972317459137147,Group 2
92,Series 1,6.039902625205732,Group 2
93,Series 1,7.359123672724381,Group 2
94,Series 1,4.820032131364919,Group 2
95,Series 1,5.489990769601818,Group 2
96,Series 1,5.018235367980792,Group 2
97,Series 1,5.271929149353007,Group 2
98,Series 1,3.677628194179748,Group 2
99,Series 1,4.975817760033228,Group 2
100,Series 1,5.525664207925781,Group 2
101,Series 1,5.005289543091549,Group 2
102,Series 1,5.592677533706872,Group 2
103,Series 1,4.014885378437805,Group 2
104,Series 1,4.585136263404961,Group 2
105,Series 1,2.9650823254770478,Group 2
106,Series 1,2.7427557493710863,Group 2
107,Series 1,3.7343605905908976,Group 2
108,Series 1,2.8247976518080553,Group 2
109,Series 1,3.3190538874066253,Group 2
110,Series 1,4.74007530851379,Group 2
111,Series 1,2.7203691769355682,Group 2
112,Series 1,2.1314524067081786,Group 2
113,Series 1,5.3053659284523,Group 2
114,Series 1,4.231316207436112,Group 2
115,Series 1,5.295844950932206,Group 2
116,Series 1,4.6606481617721345,Group 2
117,Series 1,5.701048148071724,Group 2
118,Series 1,5.281464631012622,Group 2
119,Series 1,5.7270027346609895,Group 2
120,Series 1,4.7983266234919775,Group 2
1,Series 2,2.851610359193744,Group 2
2,Series 2,3.18245722175818,Group 2
3,Series 2,3.0731705025801865,Group 2
4,Series 2,2.060002140616625,Group 2
5,Series 2,-0.5746755205187447,Group 2
6,Series 2,-0.3634083660673554,Group 2
7,Series 2,-1.7823645257347627,Group 2
8,Series 2,0.7504423310904262,Group 2
9,Series 2,-0.45979078754341635,Group 2
10,Series 2,0.5697116664854288,Group 2
11,Series 2,-0.128612408819323,Group 2
12,Series 2,0.3435195264376315,Group 2
13,Series 2,-2.3773278503504063,Group 2
14,Series 2,-0.006394752793538405,Group 2
15,Series 2,0.1394262335174189,Group 2
16,Series 2,-0.5598618109889948,Group 2
17,Series 2,0.6993831727300013,Group 2
18,Series 2,3.098209658552629,Group 2
19,Series 2,4.350336638862743,Group 2
20,Series 2,1.4657711556532393,Group 2
21,Series 2,2.0686583154641336,Group 2
22,Series 2,0.7927251152018626,Group 2
23,Series 2,0.22116130003042112,Group 2
24,Series 2,1.3581885889273013,Group 2
25,Series 2,1.2981690302861106,Group 2
26,Series 2,2.53918958796581,Group 2
27,Series 2,1.7177587863814303,Group 2
28,Series 2,2.617904205516078,Group 2
29,Series 2,0.5892296413472973,Group 2
30,Series 2,-0.24735307189973832,Group 2
31,Series 2,1.461705468957418,Group 2
32,Series 2,1.5279754984270952,Group 2
33,Series 2,0.0170450869720411,Group 2
34,Series 2,-0.14625007948854962,Group 2
35,Series 2,1.4045394017730994,Group 2
36,Series 2,0.789766204010653,Group 2
37,Series 2,-0.14082104659985495,Group 2
38,Series 2,1.357869367920408,Group 2
39,Series 2,2.039537423024919,Group 2
40,Series 2,0.6176113787313499,Group 2
41,Series 2,-0.23080712870333486,Group 2
42,Series 2,2.929257154306709,Group 2
43,Series 2,1.985944060357378,Group 2
44,Series 2,2.854916165841982,Group 2
45,Series 2,0.039814792734093274,Group 2
46,Series 2,1.8373940959396333,Group 2
47,Series 2,3.554392477698705,Group 2
48,Series 2,4.941096834226226,Group 2
49,Series 2,2.4301826831397992,Group 2
50,Series 2,3.150664449699407,Group 2
51,Series 2,3.0278967550112164,Group 2
52,Series 2,2.9750896290273996,Group 2
53,Series 2,2.077565857662161,Group 2
54,Series 2,2.8473155081132955,Group 2
55,Series 2,1.0003565645956933,Group 2
56,Series 2,2.342339014366698,Group 2
57,Series 2,2.0925253194192583,Group 2
58,Series 2,2.6383926087704976,Group 2
59,Series 2,0.9009603117581454,Group 2
60,Series 2,4.409299717420797,Group 2
61,Series 2,1.2696614503673793,Group 2
62,Series 2,2.4304126347067445,Group 2
63,Series 2,1.884149769348297,Group 2
64,Series 2,0.9358591247374044,Group 2
65,Series 2,3.29711727720118,Group 2
66,Series 2,3.859594915032443,Group 2
67,Series 2,4.155171584322176,Group 2
68,Series 2,4.353427271547016,Group 2
69,Series 2,4.573154251343019,Group 2
70,Series 2,3.5473137546255495,Group 2
71,Series 2,5.156279966900549,Group 2
72,Series 2,5.772735083030997,Group 2
73,Series 2,3.995686603430376,Group 2
74,Series 2,2.6130067663747436,Group 2
75,Series 2,5.1716410965555335,Group 2
76,Series 2,4.635654837860254,Group 2
77,Series 2,2.8219663843098455,Group 2
78,Series 2,2.991005066209274,Group 2
79,Series 2,2.7837010268833655,Group 2
80,Series 2,2.1726275364733034,Group 2
81,Series 2,4.332172197186959,Group 2
82,Series 2,2.4014520278355116,Group 2
83,Series 2,2.224614865528967,Group 2
84,Series 2,1.120119532376484,Group 2
85,Series 2,2.4938353799533264,Group 2
86,Series 2,1.7335596301679117,Group 2
87,Series 2,3.413460582904498,Group 2
88,Series 2,2.7901516795076455,Group 2
89,Series 2,2.159141835696575,Group 2
90,Series 2,2.5654488300101495,Group 2
91,Series 2,3.7629592916716668,Group 2
92,Series 2,3.6440882912365993,Group 2
93,Series 2,4.066142431192711,Group 2
94,Series 2,6.39675288200931,Group 2
95,Series 2,5.5574866322721865,Group 2
96,Series 2,5.426274397927741,Group 2
97,Series 2,5.397288101942648,Group 2
98,Series 2,4.443381231668699,Group 2
99,Series 2,4.596910246453707,Group 2
100,Series 2,4.967497296104348,Group 2
101,Series 2,4.267008428569568,Group 2
102,Series 2,4.602384216830241,Group 2
103,Series 2,6.140719635260476,Group 2
104,Series 2,4.453808453330297,Group 2
105,Series 2,2.5881613577270555,Group 2
106,Series 2,2.0543485172591662,Group 2
107,Series 2,3.901060918509467,Group 2
108,Series 2,3.671313355669459,Group 2
109,Series 2,4.0591715786491935,Group 2
110,Series 2,4.387282270059169,Group 2
111,Series 2,4.580597309791174,Group 2
112,Series 2,6.11159317968926,Group 2
113,Series 2,5.795947038344038,Group 2
114,Series 2,4.4991880786390155,Group 2
115,Series 2,7.301243537576902,Group 2
116,Series 2,4.143806301856762,Group 2
117,Series 2,4.168267107330481,Group 2
118,Series 2,6.6028741833279465,Group 2
119,Series 2,4.836104338618398,Group 2
120,Series 2,6.031521664547192,Group 2
1,Series 3,0.21815909912720055,Group 2
2,Series 3,-0.06723957514244461,Group 2
3,Series 3,1.4116884881187737,Group 2
4,Series 3,0.6532018352051965,Group 2
5,Series 3,-0.890146060831136,Group 2
6,Series 3,-0.4741961649600127,Group 2
7,Series 3,-0.6294461434188234,Group 2
8,Series 3,2.252006835849154,Group 2
9,Series 3,0.3264504722808679,Group 2
10,Series 3,1.4870986083471553,Group 2
11,Series 3,-0.9512122902746517,Group 2
12,Series 3,0.7772148355172407,Group 2
13,Series 3,-1.6663465812518061,Group 2
14,Series 3,-0.25977668743427046,Group 2
15,Series 3,-0.5661293245998087,Group 2
16,Series 3,1.296119469780923,Group 2
17,Series 3,0.39842696329141764,Group 2
18,Series 3,1.0331605280067477,Group 2
19,Series 3,3.3383110319293765,Group 2
20,Series 3,1.554989409709012,Group 2
21,Series 3,2.5104186893425466,Group 2
22,Series 3,1.9158896228586608,Group 2
23,Series 3,0.4165276428018847,Group 2
24,Series 3,2.3430467044946193,Group 2
25,Series 3,2.0259853640538577,Group 2
26,Series 3,3.0368002934913036,Group 2
27,Series 3,-0.6892470117637592,Group 2
28,Series 3,2.090848935930185,Group 2
29,Series 3,2.609295508071276,Group 2
30,Series 3,-0.2982915335328469,Group 2
31,Series 3,1.692780762505858,Group 2
32,Series 3,0.7263559694423842,Group 2
33,Series 3,-0.2844751816899992,Group 2
34,Series 3,1.500522113673611,Group 2
35,Series 3,0.47087222127526146,Group 2
36,Series 3,1.4460026700667477,Group 2
37,Series 3,0.2458672337283409,Group 2
38,Series 3,0.4756322138632273,Group 2
39,Series 3,-1.2949796534673612,Group 2
40,Series 3,1.3936304647781224,Group 2
41,Series 3,0.4311459979997869,Group 2
42,Series 3,0.24878506374094833,Group 2
43,Series 3,2.247130426334851,Group 2
44,Series 3,3.145258087632715,Group 2
45,Series 3,3.743148911707404,Group 2
46,Series 3,2.589296698760379,Group 2
47,Series 3,2.5111692827377268,Group 2
48,Series 3,3.376827938404219,Group 2
49,Series 3,1.622255295438645,Group 2
50,Series 3,1.6768442301242712,Group 2
51,Series 3,2.661174054511821,Group 2
52,Series 3,2.32729148037599,Group 2
53,Series 3,3.6362693300087727,Group 2
54,Series 3,2.033054100931888,Group 2
55,Series 3,0.44075333731768085,Group 2
56,Series 3,2.7249081112488387,Group 2
57,Series 3,1.341612922091512,Group 2
58,Series 3,0.052613250644567344,Group 2
59,Series 3,3.330859060869775,Group 2
60,Series 3,1.4019341047381726,Group 2
61,Series 3,0.9144158079216899,Group 2
62,Series 3,2.035648196635394,Group 2
63,Series 3,3.0108504529593896,Group 2
64,Series 3,2.512543643008233,Group 2
65,Series 3,1.6682970431429167,Group 2
66,Series 3,3.8754983837806245,Group 2
67,Series 3,4.633656057339771,Group 2
68,Series 3,3.138532514184328,Group 2
69,Series 3,1.6960615205451806,Group 2
70,Series 3,4.464194570092672,Group 2
71,Series 3,4.8399837538342885,Group 2
72,Series 3,5.220116820985138,Group 2
73,Series 3,2.8920391362250584,Group 2
74,Series 3,3.2616796624150544,Group 2
75,Series 3,4.077577948600551,Group 2
76,Series 3,2.7132547355099588,Group 2
77,Series 3,3.029578293367394,Group 2
78,Series 3,2.8386443043257574,Group 2
79,Series 3,1.4872048420891808,Group 2
80,Series 3,3.911792342266355,Group 2
81,Series 3,4.40165364433337,Group 2
82,Series 3,0.939122469899079,Group 2
83,Series 3,3.1951991745457766,Group 2
84,Series 3,2.854658017214836,Group 2
85,Series 3,2.261944271020329,Group 2
86,Series 3,3.2487081344567894,Group 2
87,Series 3,2.0675128543686387,Group 2
88,Series 3,1.6950222759191613,Group 2
89,Series 3,4.04315795737386,Group 2
90,Series 3,5.700249748042819,Group 2
91,Series 3,3.875409508842384,Group 2
92,Series 3,3.6845831525967885,Group 2
93,Series 3,4.240815654687632,Group 2
94,Series 3,5.110160404620268,Group 2
95,Series 3,5.530213348816731,Group 2
96,Series 3,3.371630248869781,Group 2
97,Series 3,2.5790502941335345,Group 2
98,Series 3,5.008994053786561,Group 2
99,Series 3,4.444543652758274,Group 2
100,Series 3,4.455053774699697,Group 2
101,Series 3,2.871313225076895,Group 2
102,Series 3,4.529085889098952,Group 2
103,Series 3,4.826139190774898,Group 2
104,Series 3,3.6064230643785953,Group 2
105,Series 3,4.108319644608883,Group 2
106,Series 3,3.9944261682830007,Group 2
107,Series 3,4.283097049494213,Group 2
108,Series 3,3.068171072661681,Group 2
109,Series 3,4.570169556166381,Group 2
110,Series 3,4.035802073583636,Group 2
111,Series 3,4.533517000843751,Group 2
112,Series 3,4.810839578969913,Group 2
113,Series 3,4.073258001035296,Group 2
114,Series 3,4.916147818902145,Group 2
115,Series 3,5.453839858326841,Group 2
116,Series 3,6.137686538211245,Group 2
117,Series 3,5.865663265269,Group 2
118,Series 3,4.45546689194473,Group 2
119,Series 3,7.584103860736306,Group 2
120,Series 3,5.834767550065427,Group 2
1,Series 1,-0.3991559143639045,Group 3
2,Series 1,-1.7259805530276418,Group 3
3,Series 1,-2.06737684190133,Group 3
4,Series 1,-1.4938092570658692,Group 3
5,Series 1,-0.9787341606730493,Group 3
6,Series 1,-0.5091401730476441,Group 3
7,Series 1,-0.09592939121528832,Group 3
8,Series 1,0.010739286800075742,Group 3
9,Series 1,-3.232549367341841,Group 3
10,Series 1,-1.8660303847413384,Group 3
11,Series 1,-1.269488904232347,Group 3
12,Series 1,-1.5278094835454534,Group 3
13,Series 1,-2.0906627847735044,Group 3
14,Series 1,-3.954979827592016,Group 3
15,Series 1,-3.7327349261693117,Group 3
16,Series 1,-1.0958985892412942,Group 3
17,Series 1,-4.31914379771659,Group 3
18,Series 1,-1.1230958776063196,Group 3
19,Series 1,-2.8544634783665983,Group 3
20,Series 1,-1.3203968907941848,Group 3
21,Series 1,-2.4196773344560385,Group 3
22,Series 1,-2.8316806062056843,Group 3
23,Series 1,-1.3747011250221215,Group 3
24,Series 1,-1.157779234889046,Group 3
25,Series 1,-0.8241420372406116,Group 3
26,Series 1,-1.7291084586508667,Group 3
27,Series 1,-1.6014861551794717,Group 3
28,Series 1,-1.6706972918239567,Group 3
29,Series 1,-0.816807577539897,Group 3
30,Series 1,-1.602416411532398,Group 3
31,Series 1,-2.8350934993684573,Group 3
32,Series 1,-2.0278633834213866,Group 3
33,Series 1,-1.6633276568923343,Group 3
34,Series 1,-1.3829937889683175,Group 3
35,Series 1,-2.149059323932289,Group 3
36,Series 1,-2.920356215754698,Group 3
37,Series 1,-1.5127679875936746,Group 3
38,Series 1,-1.0488839470818532,Group 3
39,Series 1,-3.3090711503802206,Group 3
40,Series 1,-2.04954076454576,Group 3
41,Series 1,-3.776259196464249,Group 3
42,Series 1,-3.1282684388403803,Group 3
43,Series 1,-3.164446603836657,Group 3
44,Series 1,-3.5872610368583295,Group 3
45,Series 1,-2.9013637689426393,Group 3
46,Series 1,-3.4128148209844573,Group 3
47,Series 1,-4.805530551002736,Group 3
48,Series 1,-2.8164250005194567,Group 3
49,Series 1,-2.8914085522187936,Group 3
50,Series 1,-4.746729471048161,Group 3
51,Series 1,-4.499246493738849,Group 3
52,Series 1,-3.428673896230044,Group 3
53,Series 1,-3.8362909019948193,Group 3
54,Series 1,-5.289180313937309,Group 3
55,Series 1,-6.8842698431327385,Group 3
56,Series 1,-5.361071299917055,Group 3
57,Series 1,-6.4945388812922555,Group 3
58,Series 1,-6.460420032499728,Group 3
59,Series 1,-7.391081691817928,Group 3
60,Series 1,-5.7657481082602615,Group 3
61,Series 1,-5.583059114017401,Group 3
62,Series 1,-6.307080442117359,Group 3
63,Series 1,-7.849472289208117,Group 3
64,Series 1,-7.176589416163332,Group 3
65,Series 1,-5.940622161681965,Group 3
66,Series 1,-5.859935120444799,Group 3
67,Series 1,-6.309203626025489,Group 3
68,Series 1,-7.163184989514253,Group 3
69,Series 1,-5.744401133017907,Group 3
70,Series 1,-5.368032628900695,Group 3
71,Series 1,-7.337338624393879,Group 3
72,Series 1,-7.051004596260675,Group 3
73,Series 1,-6.084391036136389,Group 3
74,Series 1,-6.362584019976685,Group 3
75,Series 1,-6.431644947861008,Group 3
76,Series 1,-5.8713135681072846,Group 3
77,Series 1,-4.153313615129166,Group 3
78,Series 1,-4.647460417427704,Group 3
79,Series 1,-7.33370180177884,Group 3
80,Series 1,-5.013387794922321,Group 3
81,Series 1,-6.7421694595022315,Group 3
82,Series 1,-5.697122973013693,Group 3
83,Series 1,-6.499844479122562,Group 3
84,Series 1,-5.359655781007271,Group 3
85,Series 1,-6.215022508414791,Group 3
86,Series 1,-4.805513559563671,Group 3
87,Series 1,-5.23338726629736,Group 3
88,Series 1,-7.64561192132323,Group 3
89,Series 1,-5.864743183680952,Group 3
90,Series 1,-6.265824359832948,Group 3
91,Series 1,-7.680996988460403,Group 3
92,Series 1,-9.164510089368441,Group 3
93,Series 1,-7.261292598420604,Group 3
94,Series 1,-6.790443545970962,Group 3
95,Series 1,-6.5166900705840956,Group 3
96,Series 1,-9.060572536649135,Group 3
97,Series 1,-7.680404679116676,Group 3
98,Series 1,-6.67977872615686,Group 3
99,Series 1,-8.227223354463726,Group 3
100,Series 1,-8.654056700828143,Group 3
101,Series 1,-9.137113540382153,Group 3
102,Series 1,-8.849347243130818,Group 3
103,Series 1,-10.06910069231437,Group 3
104,Series 1,-9.67600262530923,Group 3
105,Series 1,-8.563559777454563,Group 3
106,Series 1,-10.671930512973164,Group 3
107,Series 1,-9.565970013274763,Group 3
108,Series 1,-9.568787587754475,Group 3
109,Series 1,-10.740853576703831,Group 3
110,Series 1,-11.955258298171927,Group 3
111,Series 1,-9.582911349010153,Group 3
112,Series 1,-10.886377697585356,Group 3
113,Series 1,-9.701664492365103,Group 3
114,Series 1,-9.42603560579742,Group 3
115,Series 1,-11.032145389305326,Group 3
116,Series 1,-10.424064606923148,Group 3
117,Series 1,-8.37224381403726,Group 3
118,Series 1,-9.019313662184318,Group 3
119,Series 1,-12.747462794791385,Group 3
120,Series 1,-9.912805674966805,Group 3
1,Series 2,-0.1438192150859805,Group 3
2,Series 2,-0.9719338163265804,Group 3
3,Series 2,-1.3518240685303868,Group 3
4,Series 2,-1.0363870920730227,Group 3
5,Series 2,-0.3192631246550699,Group 3
6,Series 2,-1.3531123704145613,Group 3
7,Series 2,-1.8242594882605745,Group 3
8,Series 2,-1.894503531722733,Group 3
9,Series 2,-0.8167679400888714,Group 3
10,Series 2,0.029427447848292987,Group 3
11,Series 2,-1.652417837097671,Group 3
12,Series 2,-1.5246630705556319,Group 3
13,Series 2,-1.1847552865923232,Group 3
14,Series 2,0.5823169200179825,Group 3
15,Series 2,1.0933174071690446,Group 3
16,Series 2,-1.7945963797466336,Group 3
17,Series 2,-1.184520150409655,Group 3
18,Series 2,-0.5744371125751835,Group 3
19,Series 2,-2.5452168526325574,Group 3
20,Series 2,-2.5775879943260587,Group 3
21,Series 2,0.1363216931594431,Group 3
22,Series 2,-0.35313306486035423,Group 3
23,Series 2,-0.6098281152398981,Group 3
24,Series 2,1.1117486043609224,Group 3
25,Series 2,-0.7299696518342893,Group 3
26,Series 2,-0.4782254434043983,Group 3
27,Series 2,-0.47146168257397225,Group 3
28,Series 2,-2.7276485536504014,Group 3
29,Series 2,-1.8232823349986487,Group 3
30,Series 2,-3.2719316884559153,Group 3
31,Series 2,0.03926033499258885,Group 3
32,Series 2,-1.8380602806183486,Group 3
33,Series 2,-3.57445368314012,Group 3
34,Series 2,-5.316203377235493,Group 3
35,Series 2,-1.5493712097600882,Group 3
36,Series 2,-2.071093550094564,Group 3
37,Series 2,-2.5427132421517826,Group 3
38,Series 2,-2.952791924355136,Group 3
39,Series 2,-4.433715451721,Group 3
40,Series 2,-5.873332175843515,Group 3
41,Series 2,-3.7934457784285236,Group 3
42,Series 2,-3.806249576321871,Group 3
43,Series 2,-3.5771252174413,Group 3
44,Series 2,-5.940372473265794,Group 3
45,Series 2,-3.893102399361873,Group 3
46,Series 2,-4.577538352970304,Group 3
47,Series 2,-4.7203015353312,Group 3
48,Series 2,-4.430180182571345,Group 3
49,Series 2,-4.464361180549361,Group 3
50,Series 2,-5.074798904910481,Group 3
51,Series 2,-3.4149607318261292,Group 3
52,Series 2,-4.348943143450487,Group 3
53,Series 2,-4.692313748654152,Group 3
54,Series 2,-8.417753441733202,Group 3
55,Series 2,-4.411862725110131,Group 3
56,Series 2,-6.337000883269916,Group 3
57,Series 2,-5.872824419796272,Group 3
58,Series 2,-5.058060623126929,Group 3
59,Series 2,-4.961850117071786,Group 3
60,Series 2,-6.330947766777848,Group 3
61,Series 2,-5.404124841126346,Group 3
62,Series 2,-4.200251915644454,Group 3
63,Series 2,-5.106454158407096,Group 3
64,Series 2,-4.808287806668217,Group 3
65,Series 2,-3.935090970310029,Group 3
66,Series 2,-5.058375429006014,Group 3
67,Series 2,-6.058543765652209,Group 3
68,Series 2,-5.022449763863587,Group 3
69,Series 2,-2.389861481481632,Group 3
70,Series 2,-5.600012541528372,Group 3
71,Series 2,-6.672203900920476,Group 3
72,Series 2,-3.254783253752511,Group 3
73,Series 2,-4.262075874007355,Group 3
74,Series 2,-3.397309201676957,Group 3
75,Series 2,-5.73161971335086,Group 3
76,Series 2,-6.0781388501407205,Group 3
77,Series 2,-4.62712510421555,Group 3
78,Series 2,-3.6076506487273363,Group 3
79,Series 2,-5.26710792564082,Group 3
80,Series 2,-6.410184735366768,Group 3
81,Series 2,-5.6022044401880375,Group 3
82,Series 2,-8.369446859833452,Group 3
83,Series 2,-5.670294782389612,Group 3
84,Series 2,-6.826178905596196,Group 3
85,Series 2,-7.212999983791755,Group 3
86,Series 2,-7.316263064988033,Group 3
87,Series 2,-6.549349019678914,Group 3
88,Series 2,-6.868332058930752,Group 3
89,Series 2,-8.078990384648394,Group 3
90,Series 2,-7.934078974945778,Group 3
91,Series 2,-7.309641760526855,Group 3
92,Series 2,-9.789973973006518,Group 3
93,Series 2,-6.160823940293333,Group 3
94,Series 2,-9.295216049227772,Group 3
95,Series 2,-8.999840920218748,Group 3
96,Series 2,-8.980269058997878,Group 3
97,Series 2,-11.215467758823284,Group 3
98,Series 2,-11.217211749405473,Group 3
99,Series 2,-10.6196181171712,Group 3
100,Series 2,-8.208028303571416,Group 3
101,Series 2,-8.623516641997664,Group 3
102,Series 2,-7.886503155620528,Group 3
103,Series 2,-9.869219785027258,Group 3
104,Series 2,-9.118165405526717,Group 3
105,Series 2,-7.911545134103102,Group 3
106,Series 2,-9.226573788076605,Group 3
107,Series 2,-10.052403297903496,Group 3
108,Series 2,-10.335893820545273,Group 3
109,Series 2,-9.073102337702874,Group 3
110,Series 2,-8.82951623834004,Group 3
111,Series 2,-9.234574582625767,Group 3
112,Series 2,-9.532338790700907,Group 3
113,Series 2,-9.644310088517557,Group 3
114,Series 2,-8.533117108892721,Group 3
115,Series 2,-7.085088638511644,Group 3
116,Series 2,-7.646098133715737,Group 3
117,Series 2,-8.521382073489107,Group 3
118,Series 2,-10.528825984766792,Group 3
119,Series 2,-8.08901953925371,Group 3
120,Series 2,-8.80693398700148,Group 3
1,Series 3,0.7181898252474274,Group 3
2,Series 3,-0.3844726220366307,Group 3
3,Series 3,-0.8455133094549103,Group 3
4,Series 3,-0.08460105066383117,Group 3
5,Series 3,-0.010636834583792276,Group 3
6,Series 3,0.4173831405391296,Group 3
7,Series 3,-0.4724356552489931,Group 3
8,Series 3,-2.748892861949166,Group 3
9,Series 3,-2.402045000862507,Group 3
10,Series 3,-0.3466035359105988,Group 3
11,Series 3,-0.597988060365467,Group 3
12,Series 3,-1.689950771907771,Group 3
13,Series 3,-0.18600515442124044,Group 3
14,Series 3,-1.8333546091071042,Group 3
15,Series 3,-2.210939588067825,Group 3
16,Series 3,-0.9277950753854984,Group 3
17,Series 3,-2.360560215862348,Group 3
18,Series 3,-1.7648647393450982,Group 3
19,Series 3,-0.7383289130659039,Group 3
20,Series 3,-1.7873760362083742,Group 3
21,Series 3,-2.445925620002546,Group 3
22,Series 3,-1.5573894071656629,Group 3
23,Series 3,-1.9031882775555218,Group 3
24,Series 3,-2.983122675135336,Group 3
25,Series 3,-1.483053189741047,Group 3
26,Series 3,-2.929205999553524,Group 3
27,Series 3,-1.5443433977365326,Group 3
28,Series 3,-2.448135444764094,Group 3
29,Series 3,-2.5342895216954595,Group 3
30,Series 3,-1.8216061614071037,Group 3
31,Series 3,-1.7080184189768377,Group 3
32,Series 3,-1.1585740427779914,Group 3
33,Series 3,-1.1183078507164756,Group 3
34,Series 3,-2.351806820474007,Group 3
35,Series 3,-2.1166678538106045,Group 3
36,Series 3,-1.9877237657241946,Group 3
37,Series 3,-2.9101265852382503,Group 3
38,Series 3,-0.8520531455979923,Group 3
39,Series 3,-2.9931883767803718,Group 3
40,Series 3,-1.4795667284279541,Group 3
41,Series 3,-3.2078533046934687,Group 3
42,Series 3,-2.5975004652404765,Group 3
43,Series 3,-4.074227234751305,Group 3
44,Series 3,-2.1871799496234816,Group 3
45,Series 3,-3.433682958531587,Group 3
46,Series 3,-2.9168419246661905,Group 3
47,Series 3,-4.190168403400312,Group 3
48,Series 3,-4.820932472813025,Group 3
49,Series 3,-4.927325780350147,Group 3
50,Series 3,-4.617875098479547,Group 3
51,Series 3,-5.887147231437788,Group 3
52,Series 3,-2.771124389786208,Group 3
53,Series 3,-3.6970977129057547,Group 3
54,Series 3,-5.9509047469138405,Group 3
55,Series 3,-5.131243258085294,Group 3
56,Series 3,-5.389372675581764,Group 3
57,Series 3,-5.611426008994267,Group 3
58,Series 3,-5.750415176702644,Group 3
59,Series 3,-5.565807884718707,Group 3
60,Series 3,-6.230342308098352,Group 3
61,Series 3,-4.901475011318397,Group 3
62,Series 3,-5.928045700989668,Group 3
63,Series 3,-7.231935016957497,Group 3
64,Series 3,-4.960981372980388,Group 3
65,Series 3,-5.749932407586395,Group 3
66,Series 3,-4.8555722887001265,Group 3
67,Series 3,-6.2554732613796356,Group 3
68,Series 3,-6.210182161366526,Group 3
69,Series 3,-8.237802685336746,Group 3
70,Series 3,-6.364315761553928,Group 3
71,Series 3,-6.5329467218871,Group 3
72,Series 3,-5.93669185596102,Group 3
73,Series 3,-5.171723597708589,Group 3
74,Series 3,-7.3226225753076335,Group 3
75,Series 3,-7.801195159893263,Group 3
76,Series 3,-6.728056414150547,Group 3
77,Series 3,-5.431097459317116,Group 3
78,Series 3,-4.988299095614896,Group 3
79,Series 3,-5.373038303278735,Group 3
80,Series 3,-4.674317571769676,Group 3
81,Series 3,-4.201256081714635,Group 3
82,Series 3,-5.540239578731592,Group 3
83,Series 3,-5.046672026257268,Group 3
84,Series 3,-6.816509580746342,Group 3
85,Series 3,-5.2470226276304235,Group 3
86,Series 3,-6.186263213081222,Group 3
87,Series 3,-4.883428498765902,Group 3
88,Series 3,-6.566827796707407,Group 3
89,Series 3,-6.175031076122328,Group 3
90,Series 3,-6.621951226805215,Group 3
91,Series 3,-5.861791878317339,Group 3
92,Series 3,-6.684806696101215,Group 3
93,Series 3,-8.68871125279885,Group 3
94,Series 3,-6.38243671475744,Group 3
95,Series 3,-7.137252850019221,Group 3
96,Series 3,-7.703390612225902,Group 3
97,Series 3,-6.770457478805884,Group 3
98,Series 3,-6.650687532794516,Group 3
99,Series 3,-8.967885417589642,Group 3
100,Series 3,-8.696036224963386,Group 3
101,Series 3,-8.303971813711227,Group 3
102,Series 3,-11.24063884757081,Group 3
103,Series 3,-9.87170021865939,Group 3
104,Series 3,-9.60652824079181,Group 3
105,Series 3,-8.65956274291616,Group 3
106,Series 3,-9.116720462597527,Group 3
107,Series 3,-9.784397907239894,Group 3
108,Series 3,-10.73555307400522,Group 3
109,Series 3,-10.10402104163987,Group 3
110,Series 3,-8.0364131228611,Group 3
111,Series 3,-11.35802615436483,Group 3
112,Series 3,-10.74981384364593,Group 3
113,Series 3,-10.997369433503927,Group 3
114,Series 3,-9.336356159601111,Group 3
115,Series 3,-12.090252515156989,Group 3
116,Series 3,-10.102450106512164,Group 3
117,Series 3,-10.604341875651512,Group 3
118,Series 3,-9.244548583728639,Group 3
119,Series 3,-10.381710662760236,Group 3
120,Series 3,-10.514190371078717,Group 3
